<?xml version="1.0" encoding="UTF-8"?>
<project-private xmlns="http://www.netbeans.org/ns/project-private/1">
    <editor-bookmarks xmlns="http://www.netbeans.org/ns/editor-bookmarks/2" lastBookmarkId="0"/>
    <open-files xmlns="http://www.netbeans.org/ns/projectui-open-files/2">
        <group>
            <file>file:/C:/Users/hteke/Documents/SoftwareDev/src/PeriodicTable.java</file>
            <file>file:/C:/Users/hteke/Documents/SoftwareDev/src/KineticEnergy.java</file>
            <file>file:/C:/Users/hteke/Documents/SoftwareDev/src/Pressure.java</file>
            <file>file:/C:/Users/hteke/Documents/SoftwareDev/src/IdealGasLaws.java</file>
            <file>file:/C:/Users/hteke/Documents/SoftwareDev/src/HomePage.java</file>
            <file>file:/C:/Users/hteke/Documents/SoftwareDev/src/FormulaCalc.java</file>
            <file>file:/C:/Users/hteke/Documents/SoftwareDev/src/Calorimeter.java</file>
            <file>file:/C:/Users/hteke/Documents/SoftwareDev/src/PotentialEnergy.java</file>
            <file>file:/C:/Users/hteke/Documents/SoftwareDev/src/TemperatureConverter.java</file>
        </group>
    </open-files>
</project-private>
